"function_id","level_1","level_2","classes","chn_description","eng_description","jpn_description","kor_description","deu_description","fra_description"
"office_MacrosoftExcel_数据分析","office","office_MacrosoftExcel",,"数据分析","Data analysis","データ分析","데이터 분석","Datenanalyse","Analyse de données"
"office_MacrosoftExcel_数据可视化","office","office_MacrosoftExcel",,"数据可视化","Data visualization","データ可視化","데이터 시각화","Datenvisualisierung","Visualisation de données"
"office_MacrosoftExcel_数据整理","office","office_MacrosoftExcel",,"数据整理","Data organization","データ整理","데이터 정리","Datenorganisation","Organisation de données"
"office_MacrosoftExcel_生成报告","office","office_MacrosoftExcel",,"生成报告","Report generation","報告生成","보고서 생성","Berichtgenerierung","Génération de rapports"
"office_MacrosoftExcel_预测与模型","office","office_MacrosoftExcel",,"预测与模型","Forecasting and modeling","予測とモデリング","예측 및 모델링","Prognose und Modellierung","Prévision et modélisation"
"office_MacrosoftExcel_预算与财务分析","office","office_MacrosoftExcel",,"预算与财务分析","Budgeting and financial analysis","予算編成と財務分析","예산 및 재무 분석","Budgetierung und Finanzanalyse","Élaboration de budgets et analyse financière"
"office_MacrosoftOneNote_会议记录","office","office_MacrosoftOneNote",,"会议记录","Meeting notes","会議の記録","회의록","Besprechungsnotizen","Notes de réunion"
"office_MacrosoftOneNote_学习笔记","office","office_MacrosoftOneNote",,"学习笔记","Study notes","勉強ノート","학습 노트","Lernnotizen","Notes d'étude"
"office_MacrosoftOneNote_知识库和资源整理","office","office_MacrosoftOneNote",,"知识库和资源整理","Knowledge base and resource organization","知識ベースとリソースの整理","지식 베이스 및 리소스 조직화","Wissensbasis und Ressourcenorganisation","Organisation de la base de connaissances et des ressources"
"office_MacrosoftOneNote_笔记整理","office","office_MacrosoftOneNote",,"笔记整理","Note organization","ノートの整理","노트 조직","Notizorganisation","Organisation des notes"
"office_MacrosoftOneNote_项目管理","office","office_MacrosoftOneNote",,"项目管理","Project management","プロジェクト管理","프로젝트 관리","Projektmanagement","Gestion de projet"
"office_MacrosoftPowerPoint_任务管理","office","office_MacrosoftPowerPoint",,"任务管理","Task management","タスク管理","작업 관리","Aufgabenmanagement","Gestion de tâches"
"office_MacrosoftPowerPoint_动画与过渡","office","office_MacrosoftPowerPoint",,"动画与过渡","Animation and transition","アニメーションとトランジション","애니메이션 및 전환","Animation und Übergang","Animation et transition"
"office_MacrosoftPowerPoint_图表与图形","office","office_MacrosoftPowerPoint",,"图表与图形","Charts and graphics","チャートとグラフィックス","차트 및 그래픽","Diagramme und Grafiken","Graphiques et illustrations"
"office_MacrosoftPowerPoint_布局与排版","office","office_MacrosoftPowerPoint",,"布局与排版","Layout and formatting","レイアウトとフォーマット","레이아웃 및 서식","Layout und Formatierung","Mise en page et mise en forme"
"office_MacrosoftPowerPoint_日程管理","office","office_MacrosoftPowerPoint",,"日程管理","Schedule management","スケジュール管理","일정 관리","Terminplanung","Gestion du calendrier"
"office_MacrosoftPowerPoint_演讲稿与备注","office","office_MacrosoftPowerPoint",,"演讲稿与备注","Presentation and notes","プレゼンテーションとノート","프레젠테이션 및 노트","Präsentation und Notizen","Présentation et notes"
"office_MacrosoftPowerPoint_设计幻灯片","office","office_MacrosoftPowerPoint",,"设计幻灯片","Slide design","スライドデザイン","슬라이드 디자인","Folien-Design","Conception de diapositives"
"office_MacrosoftPowerPoint_邮件回复","office","office_MacrosoftPowerPoint",,"邮件回复","Email replies","電子メールの返信","이메일 답장","E-Mail-Antworten","Réponses aux e-mails"
"office_MacrosoftPowerPoint_邮件撰写","office","office_MacrosoftPowerPoint",,"邮件撰写","Email composition","電子メールの作成","이메일 작성","E-Mail-Komposition","Rédaction d'e-mails"
"office_MacrosoftPowerPoint_邮件管理","office","office_MacrosoftPowerPoint",,"邮件管理","Email management","電子メールの管理","이메일 관리","E-Mail-Management","Gestion des e-mails"
"office_MacrosoftWord_撰写报告","office","office_MacrosoftWord",,"撰写报告","Report writing","報告作成","보고서 작성","Berichterstellung","Rédaction de rapports"
"office_MacrosoftWord_文档格式调整","office","office_MacrosoftWord",,"文档格式调整","Document formatting","文書のフォーマット","문서 포맷팅","Dokumentenformatierung","Formatage de documents"
"office_MacrosoftWord_生成文章摘要","office","office_MacrosoftWord",,"生成文章摘要","Article summarization","記事の要約作成","기사 요약 작성","Artikelzusammenfassung","Résumé d'articles"
"office_MacrosoftWord_编写邮件或信件","office","office_MacrosoftWord",,"编写邮件或信件","Email or letter composition","電子メールまたは手紙の作成","이메일 또는 편지 작성","E-Mail- oder Briefkomposition","Rédaction d'e-mails ou de lettres"
"office_MacrosoftWord_自动纠正语法错误","office","office_MacrosoftWord",,"自动纠正语法错误","Automatic grammar correction","文法自動修正","문법 자동 수정","Automatische Grammatikkorrektur","Correction automatique de la grammaire"
"office_MacrosoftWord_草拟简历","office","office_MacrosoftWord",,"草拟简历","Resume drafting","履歴書の起草","이력서 작성","Lebenslaufentwurf","Rédaction de CV"
"代码开发_none_代码优化建议","代码开发","代码开发_none",,"代码优化建议","Code optimization suggestions","コード最適化の提案","코드 최적화 제안","Code-Optimierungsvorschläge","Suggestions d'optimisation de code"
"代码开发_none_代码审查建议","代码开发","代码开发_none",,"代码审查建议","Code review suggestions","コードレビューの提案","코드 검토 제안","Code-Review-Vorschläge","Suggestions de révision de code"
"代码开发_none_代码生成","代码开发","代码开发_none",,"代码生成","Code generation","コード生成","코드 생성","Code-Generierung","Génération de code"
"代码开发_none_工具与库推荐","代码开发","代码开发_none",,"工具与库推荐","Tool and library recommendations","ツールとライブラリの推奨事項","도구 및 라이브러리 추천","Tool- und Bibliotheksempfehlungen","Recommandations d'outils et de bibliothèques"
"代码开发_none_技术文档撰写","代码开发","代码开发_none",,"技术文档撰写","Technical document writing","技術文書の作成","기술 문서 작성","Technische Dokumentenverfassung","Rédaction de documents techniques"
"代码开发_none_设计模式实现","代码开发","代码开发_none",,"设计模式实现","Design pattern implementation","デザインパターンの実装","디자인 패턴 구현","Design Pattern-Implementierung","Implémentation de modèles de conception"
"代码开发_none_软件架构咨询","代码开发","代码开发_none",,"软件架构咨询","Software architecture consultation","ソフトウェアアーキテクチャのコンサルティング","소프트웨어 아키텍처 상담","Beratung zur Softwarearchitektur","Consultation en architecture logicielle"
"代码开发_none_问题诊断与解决","代码开发","代码开发_none",,"问题诊断与解决","Problem diagnosis and resolution","問題の診断と解決","문제 진단 및 해결","Problem-Diagnose und Lösung","Diagnostic et résolution de problèmes"
"休闲娱乐_none_健身建议","休闲娱乐","休闲娱乐_none",,"健身建议","Fitness advice","フィットネスアドバイス","피트니스 조언","Fitness-Beratung","Conseils de remise en forme"
"休闲娱乐_none_旅行建议","休闲娱乐","休闲娱乐_none",,"旅行建议","Travel advice","旅行アドバイス","여행 조언","Reiseberatung","Conseils de voyage"
"休闲娱乐_none_游戏推荐","休闲娱乐","休闲娱乐_none",,"游戏推荐","Game recommendations","ゲームのおすすめ","게임 추천","Spiel-Empfehlungen","Recommandations de jeux"
"休闲娱乐_none_电影推荐","休闲娱乐","休闲娱乐_none",,"电影推荐","Movie recommendations","映画のおすすめ","영화 추천","Filmempfehlungen","Recommandations de films"
"休闲娱乐_none_社交活动与聚会","休闲娱乐","休闲娱乐_none",,"社交活动与聚会","Social activities and gatherings","社交活動と集まり","사교 활동 및 모임","Soziale Aktivitäten und Zusammenkünfte","Activités sociales et rassemblements"
"休闲娱乐_none_美食推荐","休闲娱乐","休闲娱乐_none",,"美食推荐","Food recommendations","食べ物のおすすめ","음식 추천","Essensempfehlungen","Recommandations de nourriture"
"休闲娱乐_none_艺术与手工艺品","休闲娱乐","休闲娱乐_none",,"艺术与手工艺品","Art and handicrafts","アートと手工芸","예술과 공예","Kunst und Handwerk","Art et artisanat"
"休闲娱乐_none_购物建议","休闲娱乐","休闲娱乐_none",,"购物建议","Shopping advice","ショッピングのアドバイス","쇼핑 조언","Einkaufsberatung","Conseils d'achat"
"休闲娱乐_none_阅读推荐","休闲娱乐","休闲娱乐_none",,"阅读推荐","Reading recommendations","読書のおすすめ","읽을 거리 추천","Lesetipps","Recommandations de lecture"
"休闲娱乐_none_音乐推荐","休闲娱乐","休闲娱乐_none",,"音乐推荐","Music recommendations","音楽のおすすめ","음악 추천","Musik-Empfehlungen","Recommandations musicales"
"学业辅导_none_作业辅导","学业辅导","学业辅导_none",,"作业辅导","Homework tutoring","宿題の家庭教師","숙제 지도","Hausaufgabentutoring","Tutorat en devoirs"
"学业辅导_none_作文辅导","学业辅导","学业辅导_none",,"作文辅导","Composition tutoring","作文の指導","컴포지션 튜터링","Kompositionstutoring","Tutorat en composition"
"学业辅导_none_实验报告和科学研究","学业辅导","学业辅导_none",,"实验报告和科学研究","Experimental report and scientific research","実験報告と科学研究","실험 보고서 및 과학 연구","Experimenteller Bericht und wissenschaftliche Forschung","Rapport expérimental et recherche scientifique"
"学业辅导_none_演讲和口头报告","学业辅导","学业辅导_none",,"演讲和口头报告","Speech and oral report","スピーチと口頭報告","연설과 구두 보고서","Rede und mündlicher Bericht","Discours et rapport oral"
"学业辅导_none_职业探索","学业辅导","学业辅导_none",,"职业探索","Career exploration","キャリアの探求","직업 탐색","Karriereerkundung","Exploration de carrière"
"学业辅导_none_语言学习","学业辅导","学业辅导_none",,"语言学习","Language learning","言語学習","언어 학습","Sprachenlernen","Apprentissage des langues"
"教师教学_none_个性化教学","教师教学","教师教学_none",,"个性化教学","Personalized teaching","個別指導","개인 맞춤형 교육","Individueller Unterricht","Enseignement personnalisé"
"教师教学_none_制定考试与测验","教师教学","教师教学_none",,"制定考试与测验","Test and exam design","テストと試験の設計","테스트 및 시험 설계","Test- und Prüfungsgestaltung","Conception de tests et d'examens"
"教师教学_none_教学方法更新","教师教学","教师教学_none",,"教学方法更新","Teaching method update","教育方法の更新","교육 방법 업데이트","Aktualisierung der Unterrichtsmethode","Mise à jour de la méthode d'enseignement"
"教师教学_none_课程规划","教师教学","教师教学_none",,"课程规划","Curriculum planning","カリキュラムの計画","교육과정 계획","Curriculum-Planung","Planification du programme"
"文案生成_none_个人陈述","文案生成","文案生成_none",,"个人陈述","Personal statement","個人声明","개인 선언","Persönliche Erklärung","Déclaration personnelle"
"文案生成_none_创意写作","文案生成","文案生成_none",,"创意写作","Creative writing","創意寫作","창의적인 글쓰기","Kreatives Schreiben","Ecriture créative"
"文案生成_none_商务写作","文案生成","文案生成_none",,"商务写作","Business writing","ビジネスライティング","비즈니스 쓰기","Geschäftsschrift","Rédaction commerciale"
"文案生成_none_学术写作","文案生成","文案生成_none",,"学术写作","Academic writing","学術論文の執筆","학술적 글쓰기","Akademisches Schreiben","Rédaction académique"
"文案生成_none_影评写作","文案生成","文案生成_none",,"影评写作","Film review writing","映画レビューの執筆","영화 리뷰 작성","Filmkritik schreiben","Ecriture de critique de film"
"文案生成_none_提供写作思路","文案生成","文案生成_none",,"提供写作思路","Providing writing ideas","ライティングアイデアの提供","글쓰기 아이디어 제공","Bereitstellung von Schreibideen","Fourniture d'idées d'écriture"
"文案生成_none_教程写作","文案生成","文案生成_none",,"教程写作","Tutorial writing","チュートリアルライティング","튜토리얼 작성","Tutorial schreiben","Rédaction de tutoriels"
"文案生成_none_科普写作","文案生成","文案生成_none",,"科普写作","Popular science writing","科学普及文章的撰写","인기 과학 글쓰기","Populärwissenschaftliches Schreiben","Ecriture de vulgarisation scientifique"
"文案生成_none_自传体写作","文案生成","文案生成_none",,"自传体写作","Autobiographical writing","自伝的な執筆","자서전적 글쓰기","Autobiografisches Schreiben","Ecriture autobiographique"
"礼物挑选_none_圣诞节礼物","礼物挑选","礼物挑选_none",,"圣诞节礼物","Christmas gifts","クリスマスギフト","크리스마스 선물","Weihnachtsgeschenke","Cadeaux de Noël"
"礼物挑选_none_感恩节礼物","礼物挑选","礼物挑选_none",,"感恩节礼物","Thanksgiving gifts","感謝祭のギフト","감사절 선물","Dankeschön-Geschenke","Cadeaux de Thanksgiving"
"礼物挑选_none_新婚礼物","礼物挑选","礼物挑选_none",,"新婚礼物","Wedding gifts","ウェディングギフト","웨딩 선물","Hochzeitsgeschenke","Cadeaux de mariage"
"礼物挑选_none_新家礼物","礼物挑选","礼物挑选_none",,"新家礼物","Housewarming gifts","新築祝いのギフト","집들이 선물","Einweihungsgeschenke","Cadeaux pendaison de crémaillère"
"礼物挑选_none_新手父母礼物","礼物挑选","礼物挑选_none",,"新手父母礼物","New parents gifts","新しい親のギフト","새로운 부모님 선물","Geschenke für neue Eltern","Cadeaux de nouveaux parents"
"礼物挑选_none_晋升礼物","礼物挑选","礼物挑选_none",,"晋升礼物","Promotion gifts","昇進祝いのギフト","승진 선물","Beförderungsgeschenke","Cadeaux de promotion"
"礼物挑选_none_母亲节礼物","礼物挑选","礼物挑选_none",,"母亲节礼物","Mother's Day gifts","母の日ギフト","어머니 날 선물","Muttertagsgeschenke","Cadeaux de la fête des mères"
"礼物挑选_none_毕业礼物","礼物挑选","礼物挑选_none",,"毕业礼物","Graduation gifts","卒業祝いのギフト","졸업 선물","Abschlussgeschenke","Cadeaux de graduation"
"礼物挑选_none_父亲节礼物","礼物挑选","礼物挑选_none",,"父亲节礼物","Father's Day gifts","父の日ギフト","아버지 날 선물","Vatertagsgeschenke","Cadeaux de la fête des pères"
"礼物挑选_none_生日礼物","礼物挑选","礼物挑选_none",,"生日礼物","Birthday gifts","誕生日プレゼント","생일 선물","Geburtstagsgeschenke","Cadeaux d'anniversaire"
"礼物挑选_none_结婚纪念日礼物","礼物挑选","礼物挑选_none",,"结婚纪念日礼物","Anniversary gifts","結婚記念日のギフト","결혼 기념일 선물","Jahrestagsgeschenke","Cadeaux d'anniversaire de mariage"
"礼物挑选_none_退休礼物","礼物挑选","礼物挑选_none",,"退休礼物","Retirement gifts","退職のお祝いギフト","은퇴 선물","Ruhestandsgeschenke","Cadeaux de retraite"
"科研帮助_none_实验数据分析","科研帮助","科研帮助_none",,"实验数据分析","Experimental data analysis","実験データ分析","실험 데이터 분석","Experimentelle Datenanalyse","Analyse de données expérimentales"
"科研帮助_none_帮助rebuttal","科研帮助","科研帮助_none",,"帮助rebuttal","Help with rebuttal","反論の助け","반박 도움","Hilfe bei Widerlegung","Aide à la réfutation"
"科研帮助_none_帮助论文润色","科研帮助","科研帮助_none",,"帮助论文润色","Help with paper polishing","論文の磨きを助ける","논문 다듬는 데 도움","Hilfe bei der Papierpolitur","Aide au polissage du papier"
"科研帮助_none_总结文献","科研帮助","科研帮助_none",,"总结文献","Summarize literature","文献をまとめる","문헌 요약","Literatur zusammenfassen","Résumer la littérature"
"科研帮助_none_让ChatGPT扮演审稿人","科研帮助","科研帮助_none",,"让ChatGPT扮演审稿人","Let ChatGPT play the role of reviewer","ChatGPTを査読者の役割に立たせる","ChatGPT가 심사위원의 역할을하게하십시오","Lassen Sie ChatGPT die Rolle des Gutachters spielen","Laissez ChatGPT jouer le rôle de relecteur"
"语言学习_none_写作指导","语言学习","语言学习_none",,"写作指导","Writing guidance","ライティングガイダンス","쓰기 지도","Schreibberatung","Guidance en écriture"
"语言学习_none_单词记忆","语言学习","语言学习_none",,"单词记忆","Vocabulary memorization","語彙の記憶","어휘 기억","Vokabeln merken","Mémorisation du vocabulaire"
"语言学习_none_对话练习","语言学习","语言学习_none",,"对话练习","Conversation practice","会話練習","회화 연습","Konversationspraxis","Pratique de la conversation"
"语言学习_none_文化了解 ","语言学习","语言学习_none",,"文化了解 ","Cultural understanding","文化的理解","문화 이해","Kulturelles Verständnis","Compréhension culturelle"
"语言学习_none_翻译练习","语言学习","语言学习_none",,"翻译练习","Translation practice","翻訳の練習","번역 연습","Übersetzungspraxis","Pratique de la traduction"
"语言学习_none_角色扮演 ","语言学习","语言学习_none",,"角色扮演 ","Role-playing","ロールプレイ","역할 연기","Rollenspiel","Jeu de rôle"
"语言学习_none_语法练习","语言学习","语言学习_none",,"语法练习","Grammar practice","文法練習","문법 연습","Grammatikübung","Exercice de grammaire"
"语言学习_none_阅读理解 ","语言学习","语言学习_none",,"阅读理解 ","Reading comprehension","読解力","독해력","Leseverständnis","Compréhension de lecture"
